year,month,total_icu_stays,DOD_HOSP,deaths,mortality_rate,period
2100,6,6,2100-06,1.0,0.16666666666666666,2100-06
2100,7,29,2100-07,1.0,0.034482758620689655,2100-07
2100,8,43,2100-08,2.0,0.046511627906976744,2100-08
2100,9,57,2100-09,8.0,0.14035087719298245,2100-09
2100,10,45,2100-10,2.0,0.044444444444444446,2100-10
2100,11,49,2100-11,1.0,0.02040816326530612,2100-11
2100,12,44,2100-12,4.0,0.09090909090909091,2100-12
2101,1,52,2101-01,5.0,0.09615384615384616,2101-01
2101,2,45,2101-02,5.0,0.1111111111111111,2101-02
2101,3,47,2101-03,7.0,0.14893617021276595,2101-03
2101,4,50,2101-04,6.0,0.12,2101-04
2101,5,49,2101-05,4.0,0.08163265306122448,2101-05
2101,6,54,2101-06,2.0,0.037037037037037035,2101-06
2101,7,51,2101-07,5.0,0.09803921568627451,2101-07
2101,8,45,2101-08,3.0,0.06666666666666667,2101-08
2101,9,62,2101-09,4.0,0.06451612903225806,2101-09
2101,10,52,2101-10,6.0,0.11538461538461539,2101-10
2101,11,48,2101-11,3.0,0.0625,2101-11
2101,12,45,2101-12,4.0,0.08888888888888889,2101-12
2102,1,50,2102-01,7.0,0.14,2102-01
2102,2,48,2102-02,2.0,0.041666666666666664,2102-02
2102,3,61,2102-03,8.0,0.13114754098360656,2102-03
2102,4,53,2102-04,6.0,0.11320754716981132,2102-04
2102,5,43,2102-05,3.0,0.06976744186046512,2102-05
2102,6,49,2102-06,3.0,0.061224489795918366,2102-06
2102,7,47,2102-07,1.0,0.02127659574468085,2102-07
2102,8,58,2102-08,6.0,0.10344827586206896,2102-08
2102,9,53,2102-09,5.0,0.09433962264150944,2102-09
2102,10,49,2102-10,3.0,0.061224489795918366,2102-10
2102,11,46,2102-11,3.0,0.06521739130434782,2102-11
2102,12,51,2102-12,4.0,0.0784313725490196,2102-12
2103,1,56,2103-01,3.0,0.05357142857142857,2103-01
2103,2,52,2103-02,4.0,0.07692307692307693,2103-02
2103,3,57,2103-03,5.0,0.08771929824561403,2103-03
2103,4,55,2103-04,4.0,0.07272727272727272,2103-04
2103,5,58,2103-05,5.0,0.08620689655172414,2103-05
2103,6,56,2103-06,3.0,0.05357142857142857,2103-06
2103,7,58,2103-07,6.0,0.10344827586206896,2103-07
2103,8,59,2103-08,6.0,0.1016949152542373,2103-08
2103,9,59,2103-09,6.0,0.1016949152542373,2103-09
2103,10,64,2103-10,13.0,0.203125,2103-10
2103,11,47,2103-11,4.0,0.0851063829787234,2103-11
2103,12,52,2103-12,3.0,0.057692307692307696,2103-12
2104,1,52,2104-01,2.0,0.038461538461538464,2104-01
2104,2,63,2104-02,3.0,0.047619047619047616,2104-02
2104,3,52,2104-03,3.0,0.057692307692307696,2104-03
2104,4,52,2104-04,2.0,0.038461538461538464,2104-04
2104,5,39,2104-05,9.0,0.23076923076923078,2104-05
2104,6,48,2104-06,4.0,0.08333333333333333,2104-06
2104,7,59,2104-07,4.0,0.06779661016949153,2104-07
2104,8,48,2104-08,6.0,0.125,2104-08
2104,9,48,2104-09,5.0,0.10416666666666667,2104-09
2104,10,50,2104-10,3.0,0.06,2104-10
2104,11,57,2104-11,3.0,0.05263157894736842,2104-11
2104,12,47,2104-12,8.0,0.1702127659574468,2104-12
2105,1,54,2105-01,2.0,0.037037037037037035,2105-01
2105,2,63,2105-02,3.0,0.047619047619047616,2105-02
2105,3,55,2105-03,6.0,0.10909090909090909,2105-03
2105,4,49,2105-04,5.0,0.10204081632653061,2105-04
2105,5,38,2105-05,2.0,0.05263157894736842,2105-05
2105,6,48,2105-06,5.0,0.10416666666666667,2105-06
2105,7,47,2105-07,5.0,0.10638297872340426,2105-07
2105,8,50,2105-08,2.0,0.04,2105-08
2105,9,48,2105-09,2.0,0.041666666666666664,2105-09
2105,10,47,2105-10,7.0,0.14893617021276595,2105-10
2105,11,45,2105-11,4.0,0.08888888888888889,2105-11
2105,12,61,2105-12,5.0,0.08196721311475409,2105-12
2106,1,60,2106-01,5.0,0.08333333333333333,2106-01
2106,2,53,2106-02,5.0,0.09433962264150944,2106-02
2106,3,57,2106-03,4.0,0.07017543859649122,2106-03
2106,4,66,2106-04,10.0,0.15151515151515152,2106-04
2106,5,46,2106-05,4.0,0.08695652173913043,2106-05
2106,6,57,2106-06,8.0,0.14035087719298245,2106-06
2106,7,49,2106-07,4.0,0.08163265306122448,2106-07
2106,8,53,2106-08,3.0,0.05660377358490566,2106-08
2106,9,40,2106-09,2.0,0.05,2106-09
2106,10,51,2106-10,3.0,0.058823529411764705,2106-10
2106,11,57,2106-11,8.0,0.14035087719298245,2106-11
2106,12,41,2106-12,2.0,0.04878048780487805,2106-12
2107,1,54,2107-01,9.0,0.16666666666666666,2107-01
2107,2,55,2107-02,4.0,0.07272727272727272,2107-02
2107,3,64,2107-03,10.0,0.15625,2107-03
2107,4,42,2107-04,4.0,0.09523809523809523,2107-04
2107,5,58,2107-05,4.0,0.06896551724137931,2107-05
2107,6,46,2107-06,1.0,0.021739130434782608,2107-06
2107,7,60,2107-07,3.0,0.05,2107-07
2107,8,51,2107-08,1.0,0.0196078431372549,2107-08
2107,9,60,2107-09,6.0,0.1,2107-09
2107,10,46,2107-10,4.0,0.08695652173913043,2107-10
2107,11,39,2107-11,4.0,0.10256410256410256,2107-11
2107,12,43,2107-12,3.0,0.06976744186046512,2107-12
2108,1,56,2108-01,8.0,0.14285714285714285,2108-01
2108,2,58,2108-02,5.0,0.08620689655172414,2108-02
2108,3,53,2108-03,9.0,0.16981132075471697,2108-03
2108,4,44,2108-04,4.0,0.09090909090909091,2108-04
2108,5,44,2108-05,5.0,0.11363636363636363,2108-05
2108,6,67,2108-06,11.0,0.16417910447761194,2108-06
2108,7,41,2108-07,1.0,0.024390243902439025,2108-07
2108,8,63,2108-08,3.0,0.047619047619047616,2108-08
2108,9,49,2108-09,3.0,0.061224489795918366,2108-09
2108,10,52,2108-10,6.0,0.11538461538461539,2108-10
2108,11,57,2108-11,5.0,0.08771929824561403,2108-11
2108,12,73,2108-12,6.0,0.0821917808219178,2108-12
2109,1,50,2109-01,4.0,0.08,2109-01
2109,2,52,2109-02,2.0,0.038461538461538464,2109-02
2109,3,50,2109-03,9.0,0.18,2109-03
2109,4,56,2109-04,6.0,0.10714285714285714,2109-04
2109,5,45,2109-05,4.0,0.08888888888888889,2109-05
2109,6,40,2109-06,6.0,0.15,2109-06
2109,7,59,2109-07,5.0,0.0847457627118644,2109-07
2109,8,66,2109-08,3.0,0.045454545454545456,2109-08
2109,9,57,2109-09,12.0,0.21052631578947367,2109-09
2109,10,64,2109-10,10.0,0.15625,2109-10
2109,11,56,2109-11,2.0,0.03571428571428571,2109-11
2109,12,46,2109-12,4.0,0.08695652173913043,2109-12
2110,1,54,2110-01,4.0,0.07407407407407407,2110-01
2110,2,42,2110-02,1.0,0.023809523809523808,2110-02
2110,3,57,2110-03,3.0,0.05263157894736842,2110-03
2110,4,61,2110-04,10.0,0.16393442622950818,2110-04
2110,5,59,2110-05,4.0,0.06779661016949153,2110-05
2110,6,51,2110-06,3.0,0.058823529411764705,2110-06
2110,7,51,2110-07,5.0,0.09803921568627451,2110-07
2110,8,51,2110-08,4.0,0.0784313725490196,2110-08
2110,9,54,2110-09,6.0,0.1111111111111111,2110-09
2110,10,45,2110-10,3.0,0.06666666666666667,2110-10
2110,11,46,2110-11,2.0,0.043478260869565216,2110-11
2110,12,48,2110-12,3.0,0.0625,2110-12
2111,1,55,2111-01,6.0,0.10909090909090909,2111-01
2111,2,51,2111-02,4.0,0.0784313725490196,2111-02
2111,3,57,2111-03,4.0,0.07017543859649122,2111-03
2111,4,55,2111-04,3.0,0.05454545454545454,2111-04
2111,5,50,2111-05,5.0,0.1,2111-05
2111,6,61,2111-06,6.0,0.09836065573770492,2111-06
2111,7,44,2111-07,4.0,0.09090909090909091,2111-07
2111,8,55,2111-08,3.0,0.05454545454545454,2111-08
2111,9,51,2111-09,4.0,0.0784313725490196,2111-09
2111,10,59,2111-10,6.0,0.1016949152542373,2111-10
2111,11,60,2111-11,6.0,0.1,2111-11
2111,12,54,2111-12,3.0,0.05555555555555555,2111-12
2112,1,48,2112-01,5.0,0.10416666666666667,2112-01
2112,2,60,2112-02,8.0,0.13333333333333333,2112-02
2112,3,68,2112-03,9.0,0.1323529411764706,2112-03
2112,4,53,2112-04,5.0,0.09433962264150944,2112-04
2112,5,71,2112-05,6.0,0.08450704225352113,2112-05
2112,6,58,2112-06,4.0,0.06896551724137931,2112-06
2112,7,49,2112-07,3.0,0.061224489795918366,2112-07
2112,8,49,2112-08,4.0,0.08163265306122448,2112-08
2112,9,65,2112-09,8.0,0.12307692307692308,2112-09
2112,10,57,2112-10,5.0,0.08771929824561403,2112-10
2112,11,51,2112-11,7.0,0.13725490196078433,2112-11
2112,12,54,2112-12,4.0,0.07407407407407407,2112-12
2113,1,49,2113-01,7.0,0.14285714285714285,2113-01
2113,2,44,2113-02,5.0,0.11363636363636363,2113-02
2113,3,48,2113-03,5.0,0.10416666666666667,2113-03
2113,4,34,2113-04,6.0,0.17647058823529413,2113-04
2113,5,45,2113-05,2.0,0.044444444444444446,2113-05
2113,6,55,2113-06,5.0,0.09090909090909091,2113-06
2113,7,59,2113-07,3.0,0.05084745762711865,2113-07
2113,8,61,2113-08,3.0,0.04918032786885246,2113-08
2113,9,49,2113-09,6.0,0.12244897959183673,2113-09
2113,10,49,2113-10,6.0,0.12244897959183673,2113-10
2113,11,46,2113-11,4.0,0.08695652173913043,2113-11
2113,12,49,2113-12,2.0,0.04081632653061224,2113-12
2114,1,51,2114-01,5.0,0.09803921568627451,2114-01
2114,2,51,2114-02,2.0,0.0392156862745098,2114-02
2114,3,58,2114-03,8.0,0.13793103448275862,2114-03
2114,4,53,2114-04,4.0,0.07547169811320754,2114-04
2114,5,52,2114-05,3.0,0.057692307692307696,2114-05
2114,6,57,0,0.0,0.0,2114-06
2114,7,58,2114-07,3.0,0.05172413793103448,2114-07
2114,8,65,2114-08,2.0,0.03076923076923077,2114-08
2114,9,51,2114-09,4.0,0.0784313725490196,2114-09
2114,10,59,2114-10,5.0,0.0847457627118644,2114-10
2114,11,64,2114-11,10.0,0.15625,2114-11
2114,12,61,2114-12,6.0,0.09836065573770492,2114-12
2115,1,60,2115-01,5.0,0.08333333333333333,2115-01
2115,2,59,2115-02,4.0,0.06779661016949153,2115-02
2115,3,52,2115-03,5.0,0.09615384615384616,2115-03
2115,4,56,2115-04,1.0,0.017857142857142856,2115-04
2115,5,65,2115-05,7.0,0.1076923076923077,2115-05
2115,6,48,2115-06,7.0,0.14583333333333334,2115-06
2115,7,50,2115-07,4.0,0.08,2115-07
2115,8,47,2115-08,5.0,0.10638297872340426,2115-08
2115,9,56,2115-09,8.0,0.14285714285714285,2115-09
2115,10,63,2115-10,4.0,0.06349206349206349,2115-10
2115,11,53,2115-11,4.0,0.07547169811320754,2115-11
2115,12,44,2115-12,3.0,0.06818181818181818,2115-12
2116,1,52,2116-01,3.0,0.057692307692307696,2116-01
2116,2,47,2116-02,9.0,0.19148936170212766,2116-02
2116,3,60,2116-03,7.0,0.11666666666666667,2116-03
2116,4,58,2116-04,6.0,0.10344827586206896,2116-04
2116,5,59,2116-05,7.0,0.11864406779661017,2116-05
2116,6,45,2116-06,5.0,0.1111111111111111,2116-06
2116,7,59,2116-07,5.0,0.0847457627118644,2116-07
2116,8,58,2116-08,4.0,0.06896551724137931,2116-08
2116,9,50,2116-09,3.0,0.06,2116-09
2116,10,52,2116-10,6.0,0.11538461538461539,2116-10
2116,11,41,2116-11,5.0,0.12195121951219512,2116-11
2116,12,59,2116-12,9.0,0.15254237288135594,2116-12
2117,1,57,2117-01,5.0,0.08771929824561403,2117-01
2117,2,61,2117-02,10.0,0.16393442622950818,2117-02
2117,3,55,2117-03,5.0,0.09090909090909091,2117-03
2117,4,56,2117-04,11.0,0.19642857142857142,2117-04
2117,5,60,2117-05,5.0,0.08333333333333333,2117-05
2117,6,54,2117-06,4.0,0.07407407407407407,2117-06
2117,7,59,2117-07,4.0,0.06779661016949153,2117-07
2117,8,60,2117-08,6.0,0.1,2117-08
2117,9,47,2117-09,8.0,0.1702127659574468,2117-09
2117,10,62,2117-10,4.0,0.06451612903225806,2117-10
2117,11,50,2117-11,4.0,0.08,2117-11
2117,12,54,2117-12,3.0,0.05555555555555555,2117-12
2118,1,56,2118-01,5.0,0.08928571428571429,2118-01
2118,2,53,2118-02,3.0,0.05660377358490566,2118-02
2118,3,63,2118-03,4.0,0.06349206349206349,2118-03
2118,4,54,2118-04,7.0,0.12962962962962962,2118-04
2118,5,54,2118-05,4.0,0.07407407407407407,2118-05
2118,6,66,2118-06,4.0,0.06060606060606061,2118-06
2118,7,60,2118-07,4.0,0.06666666666666667,2118-07
2118,8,54,2118-08,6.0,0.1111111111111111,2118-08
2118,9,60,2118-09,5.0,0.08333333333333333,2118-09
2118,10,50,2118-10,4.0,0.08,2118-10
2118,11,48,2118-11,6.0,0.125,2118-11
2118,12,58,2118-12,5.0,0.08620689655172414,2118-12
2119,1,52,2119-01,2.0,0.038461538461538464,2119-01
2119,2,62,2119-02,4.0,0.06451612903225806,2119-02
2119,3,51,2119-03,2.0,0.0392156862745098,2119-03
2119,4,59,2119-04,7.0,0.11864406779661017,2119-04
2119,5,62,2119-05,5.0,0.08064516129032258,2119-05
2119,6,44,2119-06,4.0,0.09090909090909091,2119-06
2119,7,51,2119-07,2.0,0.0392156862745098,2119-07
2119,8,52,2119-08,1.0,0.019230769230769232,2119-08
2119,9,63,2119-09,6.0,0.09523809523809523,2119-09
2119,10,55,2119-10,3.0,0.05454545454545454,2119-10
2119,11,63,2119-11,7.0,0.1111111111111111,2119-11
2119,12,63,2119-12,5.0,0.07936507936507936,2119-12
2120,1,60,2120-01,4.0,0.06666666666666667,2120-01
2120,2,50,2120-02,5.0,0.1,2120-02
2120,3,56,2120-03,2.0,0.03571428571428571,2120-03
2120,4,55,2120-04,5.0,0.09090909090909091,2120-04
2120,5,47,2120-05,7.0,0.14893617021276595,2120-05
2120,6,53,2120-06,6.0,0.11320754716981132,2120-06
2120,7,52,2120-07,5.0,0.09615384615384616,2120-07
2120,8,61,2120-08,6.0,0.09836065573770492,2120-08
2120,9,50,2120-09,7.0,0.14,2120-09
2120,10,40,2120-10,2.0,0.05,2120-10
2120,11,54,2120-11,3.0,0.05555555555555555,2120-11
2120,12,53,2120-12,8.0,0.1509433962264151,2120-12
2121,1,62,2121-01,7.0,0.11290322580645161,2121-01
2121,2,46,2121-02,3.0,0.06521739130434782,2121-02
2121,3,60,2121-03,5.0,0.08333333333333333,2121-03
2121,4,51,2121-04,2.0,0.0392156862745098,2121-04
2121,5,52,2121-05,3.0,0.057692307692307696,2121-05
2121,6,47,2121-06,3.0,0.06382978723404255,2121-06
2121,7,59,2121-07,2.0,0.03389830508474576,2121-07
2121,8,55,2121-08,7.0,0.12727272727272726,2121-08
2121,9,54,2121-09,3.0,0.05555555555555555,2121-09
2121,10,56,2121-10,5.0,0.08928571428571429,2121-10
2121,11,60,2121-11,5.0,0.08333333333333333,2121-11
2121,12,62,2121-12,3.0,0.04838709677419355,2121-12
2122,1,77,2122-01,8.0,0.1038961038961039,2122-01
2122,2,56,2122-02,4.0,0.07142857142857142,2122-02
2122,3,49,2122-03,5.0,0.10204081632653061,2122-03
2122,4,63,2122-04,5.0,0.07936507936507936,2122-04
2122,5,52,2122-05,5.0,0.09615384615384616,2122-05
2122,6,56,2122-06,5.0,0.08928571428571429,2122-06
2122,7,62,2122-07,10.0,0.16129032258064516,2122-07
2122,8,59,2122-08,4.0,0.06779661016949153,2122-08
2122,9,47,2122-09,6.0,0.1276595744680851,2122-09
2122,10,54,2122-10,3.0,0.05555555555555555,2122-10
2122,11,45,2122-11,6.0,0.13333333333333333,2122-11
2122,12,53,2122-12,4.0,0.07547169811320754,2122-12
2123,1,51,2123-01,6.0,0.11764705882352941,2123-01
2123,2,46,2123-02,3.0,0.06521739130434782,2123-02
2123,3,53,2123-03,7.0,0.1320754716981132,2123-03
2123,4,70,2123-04,3.0,0.04285714285714286,2123-04
2123,5,50,2123-05,5.0,0.1,2123-05
2123,6,56,2123-06,6.0,0.10714285714285714,2123-06
2123,7,46,2123-07,6.0,0.13043478260869565,2123-07
2123,8,55,2123-08,6.0,0.10909090909090909,2123-08
2123,9,48,2123-09,2.0,0.041666666666666664,2123-09
2123,10,48,2123-10,4.0,0.08333333333333333,2123-10
2123,11,56,2123-11,3.0,0.05357142857142857,2123-11
2123,12,54,2123-12,4.0,0.07407407407407407,2123-12
2124,1,58,2124-01,7.0,0.1206896551724138,2124-01
2124,2,51,2124-02,3.0,0.058823529411764705,2124-02
2124,3,65,2124-03,4.0,0.06153846153846154,2124-03
2124,4,47,2124-04,3.0,0.06382978723404255,2124-04
2124,5,39,2124-05,5.0,0.1282051282051282,2124-05
2124,6,51,2124-06,3.0,0.058823529411764705,2124-06
2124,7,57,2124-07,3.0,0.05263157894736842,2124-07
2124,8,59,2124-08,5.0,0.0847457627118644,2124-08
2124,9,53,2124-09,5.0,0.09433962264150944,2124-09
2124,10,60,2124-10,3.0,0.05,2124-10
2124,11,54,2124-11,7.0,0.12962962962962962,2124-11
2124,12,57,2124-12,5.0,0.08771929824561403,2124-12
2125,1,63,2125-01,9.0,0.14285714285714285,2125-01
2125,2,62,2125-02,4.0,0.06451612903225806,2125-02
2125,3,46,2125-03,8.0,0.17391304347826086,2125-03
2125,4,65,2125-04,11.0,0.16923076923076924,2125-04
2125,5,58,2125-05,4.0,0.06896551724137931,2125-05
2125,6,58,2125-06,4.0,0.06896551724137931,2125-06
2125,7,53,2125-07,4.0,0.07547169811320754,2125-07
2125,8,43,2125-08,3.0,0.06976744186046512,2125-08
2125,9,61,2125-09,5.0,0.08196721311475409,2125-09
2125,10,55,2125-10,7.0,0.12727272727272726,2125-10
2125,11,53,2125-11,3.0,0.05660377358490566,2125-11
2125,12,45,2125-12,5.0,0.1111111111111111,2125-12
2126,1,59,2126-01,4.0,0.06779661016949153,2126-01
2126,2,46,2126-02,3.0,0.06521739130434782,2126-02
2126,3,54,2126-03,5.0,0.09259259259259259,2126-03
2126,4,43,2126-04,5.0,0.11627906976744186,2126-04
2126,5,62,2126-05,3.0,0.04838709677419355,2126-05
2126,6,58,2126-06,5.0,0.08620689655172414,2126-06
2126,7,57,2126-07,1.0,0.017543859649122806,2126-07
2126,8,64,2126-08,5.0,0.078125,2126-08
2126,9,47,2126-09,4.0,0.0851063829787234,2126-09
2126,10,53,2126-10,3.0,0.05660377358490566,2126-10
2126,11,67,2126-11,7.0,0.1044776119402985,2126-11
2126,12,52,2126-12,8.0,0.15384615384615385,2126-12
2127,1,53,2127-01,7.0,0.1320754716981132,2127-01
2127,2,45,2127-02,5.0,0.1111111111111111,2127-02
2127,3,52,2127-03,7.0,0.1346153846153846,2127-03
2127,4,58,2127-04,8.0,0.13793103448275862,2127-04
2127,5,53,2127-05,6.0,0.11320754716981132,2127-05
2127,6,53,2127-06,3.0,0.05660377358490566,2127-06
2127,7,58,2127-07,3.0,0.05172413793103448,2127-07
2127,8,46,2127-08,4.0,0.08695652173913043,2127-08
2127,9,43,2127-09,5.0,0.11627906976744186,2127-09
2127,10,41,2127-10,3.0,0.07317073170731707,2127-10
2127,11,59,2127-11,8.0,0.13559322033898305,2127-11
2127,12,56,2127-12,3.0,0.05357142857142857,2127-12
2128,1,59,2128-01,6.0,0.1016949152542373,2128-01
2128,2,50,2128-02,5.0,0.1,2128-02
2128,3,53,2128-03,8.0,0.1509433962264151,2128-03
2128,4,61,2128-04,7.0,0.11475409836065574,2128-04
2128,5,70,2128-05,5.0,0.07142857142857142,2128-05
2128,6,55,2128-06,4.0,0.07272727272727272,2128-06
2128,7,69,2128-07,1.0,0.014492753623188406,2128-07
2128,8,54,2128-08,5.0,0.09259259259259259,2128-08
2128,9,49,2128-09,3.0,0.061224489795918366,2128-09
2128,10,50,2128-10,3.0,0.06,2128-10
2128,11,60,2128-11,9.0,0.15,2128-11
2128,12,56,2128-12,6.0,0.10714285714285714,2128-12
2129,1,59,2129-01,5.0,0.0847457627118644,2129-01
2129,2,47,2129-02,6.0,0.1276595744680851,2129-02
2129,3,68,2129-03,3.0,0.04411764705882353,2129-03
2129,4,53,2129-04,3.0,0.05660377358490566,2129-04
2129,5,63,2129-05,5.0,0.07936507936507936,2129-05
2129,6,69,2129-06,6.0,0.08695652173913043,2129-06
2129,7,63,2129-07,5.0,0.07936507936507936,2129-07
2129,8,63,2129-08,7.0,0.1111111111111111,2129-08
2129,9,46,2129-09,2.0,0.043478260869565216,2129-09
2129,10,55,2129-10,6.0,0.10909090909090909,2129-10
2129,11,60,2129-11,5.0,0.08333333333333333,2129-11
2129,12,44,2129-12,10.0,0.22727272727272727,2129-12
2130,1,43,2130-01,5.0,0.11627906976744186,2130-01
2130,2,60,2130-02,7.0,0.11666666666666667,2130-02
2130,3,62,2130-03,5.0,0.08064516129032258,2130-03
2130,4,54,2130-04,2.0,0.037037037037037035,2130-04
2130,5,69,2130-05,4.0,0.057971014492753624,2130-05
2130,6,61,2130-06,7.0,0.11475409836065574,2130-06
2130,7,63,2130-07,8.0,0.12698412698412698,2130-07
2130,8,59,2130-08,5.0,0.0847457627118644,2130-08
2130,9,53,2130-09,3.0,0.05660377358490566,2130-09
2130,10,57,2130-10,8.0,0.14035087719298245,2130-10
2130,11,50,2130-11,2.0,0.04,2130-11
2130,12,69,2130-12,6.0,0.08695652173913043,2130-12
2131,1,48,2131-01,3.0,0.0625,2131-01
2131,2,49,2131-02,4.0,0.08163265306122448,2131-02
2131,3,50,2131-03,4.0,0.08,2131-03
2131,4,50,2131-04,4.0,0.08,2131-04
2131,5,51,2131-05,1.0,0.0196078431372549,2131-05
2131,6,66,2131-06,4.0,0.06060606060606061,2131-06
2131,7,54,2131-07,6.0,0.1111111111111111,2131-07
2131,8,65,2131-08,2.0,0.03076923076923077,2131-08
2131,9,56,2131-09,10.0,0.17857142857142858,2131-09
2131,10,60,2131-10,4.0,0.06666666666666667,2131-10
2131,11,44,2131-11,5.0,0.11363636363636363,2131-11
2131,12,66,2131-12,7.0,0.10606060606060606,2131-12
2132,1,74,2132-01,5.0,0.06756756756756757,2132-01
2132,2,60,2132-02,10.0,0.16666666666666666,2132-02
2132,3,58,2132-03,6.0,0.10344827586206896,2132-03
2132,4,64,2132-04,6.0,0.09375,2132-04
2132,5,48,2132-05,6.0,0.125,2132-05
2132,6,64,2132-06,3.0,0.046875,2132-06
2132,7,72,2132-07,6.0,0.08333333333333333,2132-07
2132,8,73,2132-08,9.0,0.1232876712328767,2132-08
2132,9,65,2132-09,6.0,0.09230769230769231,2132-09
2132,10,69,2132-10,9.0,0.13043478260869565,2132-10
2132,11,52,2132-11,5.0,0.09615384615384616,2132-11
2132,12,64,2132-12,2.0,0.03125,2132-12
2133,1,65,2133-01,5.0,0.07692307692307693,2133-01
2133,2,59,2133-02,6.0,0.1016949152542373,2133-02
2133,3,66,2133-03,5.0,0.07575757575757576,2133-03
2133,4,64,2133-04,6.0,0.09375,2133-04
2133,5,77,2133-05,6.0,0.07792207792207792,2133-05
2133,6,55,2133-06,5.0,0.09090909090909091,2133-06
2133,7,63,2133-07,5.0,0.07936507936507936,2133-07
2133,8,55,2133-08,8.0,0.14545454545454545,2133-08
2133,9,57,2133-09,5.0,0.08771929824561403,2133-09
2133,10,59,2133-10,8.0,0.13559322033898305,2133-10
2133,11,54,2133-11,5.0,0.09259259259259259,2133-11
2133,12,50,2133-12,4.0,0.08,2133-12
2134,1,51,2134-01,7.0,0.13725490196078433,2134-01
2134,2,44,2134-02,1.0,0.022727272727272728,2134-02
2134,3,60,2134-03,4.0,0.06666666666666667,2134-03
2134,4,62,2134-04,7.0,0.11290322580645161,2134-04
2134,5,57,2134-05,3.0,0.05263157894736842,2134-05
2134,6,61,2134-06,2.0,0.03278688524590164,2134-06
2134,7,55,2134-07,5.0,0.09090909090909091,2134-07
2134,8,55,2134-08,8.0,0.14545454545454545,2134-08
2134,9,49,2134-09,5.0,0.10204081632653061,2134-09
2134,10,40,2134-10,4.0,0.1,2134-10
2134,11,42,2134-11,3.0,0.07142857142857142,2134-11
2134,12,47,2134-12,5.0,0.10638297872340426,2134-12
2135,1,52,2135-01,4.0,0.07692307692307693,2135-01
2135,2,56,2135-02,7.0,0.125,2135-02
2135,3,41,2135-03,2.0,0.04878048780487805,2135-03
2135,4,48,2135-04,6.0,0.125,2135-04
2135,5,58,2135-05,2.0,0.034482758620689655,2135-05
2135,6,50,2135-06,1.0,0.02,2135-06
2135,7,62,2135-07,6.0,0.0967741935483871,2135-07
2135,8,39,2135-08,2.0,0.05128205128205128,2135-08
2135,9,53,2135-09,5.0,0.09433962264150944,2135-09
2135,10,52,2135-10,4.0,0.07692307692307693,2135-10
2135,11,42,2135-11,2.0,0.047619047619047616,2135-11
2135,12,56,2135-12,4.0,0.07142857142857142,2135-12
2136,1,59,2136-01,3.0,0.05084745762711865,2136-01
2136,2,61,2136-02,6.0,0.09836065573770492,2136-02
2136,3,64,2136-03,7.0,0.109375,2136-03
2136,4,59,2136-04,4.0,0.06779661016949153,2136-04
2136,5,61,2136-05,5.0,0.08196721311475409,2136-05
2136,6,63,2136-06,2.0,0.031746031746031744,2136-06
2136,7,56,2136-07,4.0,0.07142857142857142,2136-07
2136,8,54,2136-08,4.0,0.07407407407407407,2136-08
2136,9,58,2136-09,6.0,0.10344827586206896,2136-09
2136,10,60,2136-10,8.0,0.13333333333333333,2136-10
2136,11,47,2136-11,5.0,0.10638297872340426,2136-11
2136,12,44,2136-12,5.0,0.11363636363636363,2136-12
2137,1,49,2137-01,4.0,0.08163265306122448,2137-01
2137,2,54,2137-02,4.0,0.07407407407407407,2137-02
2137,3,66,2137-03,4.0,0.06060606060606061,2137-03
2137,4,62,2137-04,3.0,0.04838709677419355,2137-04
2137,5,57,2137-05,7.0,0.12280701754385964,2137-05
2137,6,52,2137-06,2.0,0.038461538461538464,2137-06
2137,7,62,2137-07,3.0,0.04838709677419355,2137-07
2137,8,60,2137-08,3.0,0.05,2137-08
2137,9,52,2137-09,2.0,0.038461538461538464,2137-09
2137,10,55,2137-10,5.0,0.09090909090909091,2137-10
2137,11,48,2137-11,2.0,0.041666666666666664,2137-11
2137,12,67,2137-12,8.0,0.11940298507462686,2137-12
2138,1,49,2138-01,5.0,0.10204081632653061,2138-01
2138,2,52,2138-02,1.0,0.019230769230769232,2138-02
2138,3,61,2138-03,4.0,0.06557377049180328,2138-03
2138,4,55,2138-04,5.0,0.09090909090909091,2138-04
2138,5,50,2138-05,5.0,0.1,2138-05
2138,6,56,2138-06,6.0,0.10714285714285714,2138-06
2138,7,67,2138-07,5.0,0.07462686567164178,2138-07
2138,8,65,2138-08,7.0,0.1076923076923077,2138-08
2138,9,57,2138-09,3.0,0.05263157894736842,2138-09
2138,10,48,2138-10,8.0,0.16666666666666666,2138-10
2138,11,52,2138-11,7.0,0.1346153846153846,2138-11
2138,12,48,2138-12,3.0,0.0625,2138-12
2139,1,53,2139-01,2.0,0.03773584905660377,2139-01
2139,2,47,2139-02,7.0,0.14893617021276595,2139-02
2139,3,49,2139-03,2.0,0.04081632653061224,2139-03
2139,4,54,2139-04,3.0,0.05555555555555555,2139-04
2139,5,54,2139-05,6.0,0.1111111111111111,2139-05
2139,6,50,2139-06,5.0,0.1,2139-06
2139,7,61,2139-07,4.0,0.06557377049180328,2139-07
2139,8,61,2139-08,7.0,0.11475409836065574,2139-08
2139,9,58,2139-09,5.0,0.08620689655172414,2139-09
2139,10,57,2139-10,13.0,0.22807017543859648,2139-10
2139,11,46,2139-11,3.0,0.06521739130434782,2139-11
2139,12,64,2139-12,10.0,0.15625,2139-12
2140,1,53,2140-01,4.0,0.07547169811320754,2140-01
2140,2,50,2140-02,3.0,0.06,2140-02
2140,3,58,2140-03,4.0,0.06896551724137931,2140-03
2140,4,54,2140-04,3.0,0.05555555555555555,2140-04
2140,5,49,2140-05,4.0,0.08163265306122448,2140-05
2140,6,55,2140-06,2.0,0.03636363636363636,2140-06
2140,7,61,2140-07,5.0,0.08196721311475409,2140-07
2140,8,59,2140-08,3.0,0.05084745762711865,2140-08
2140,9,65,2140-09,8.0,0.12307692307692308,2140-09
2140,10,48,2140-10,2.0,0.041666666666666664,2140-10
2140,11,60,2140-11,4.0,0.06666666666666667,2140-11
2140,12,50,2140-12,1.0,0.02,2140-12
2141,1,53,2141-01,3.0,0.05660377358490566,2141-01
2141,2,62,2141-02,6.0,0.0967741935483871,2141-02
2141,3,68,2141-03,6.0,0.08823529411764706,2141-03
2141,4,63,2141-04,6.0,0.09523809523809523,2141-04
2141,5,53,2141-05,5.0,0.09433962264150944,2141-05
2141,6,52,2141-06,4.0,0.07692307692307693,2141-06
2141,7,67,2141-07,6.0,0.08955223880597014,2141-07
2141,8,49,2141-08,4.0,0.08163265306122448,2141-08
2141,9,43,2141-09,4.0,0.09302325581395349,2141-09
2141,10,53,2141-10,5.0,0.09433962264150944,2141-10
2141,11,49,2141-11,4.0,0.08163265306122448,2141-11
2141,12,58,2141-12,4.0,0.06896551724137931,2141-12
2142,1,46,2142-01,2.0,0.043478260869565216,2142-01
2142,2,50,2142-02,4.0,0.08,2142-02
2142,3,46,2142-03,6.0,0.13043478260869565,2142-03
2142,4,58,2142-04,2.0,0.034482758620689655,2142-04
2142,5,71,2142-05,6.0,0.08450704225352113,2142-05
2142,6,64,2142-06,6.0,0.09375,2142-06
2142,7,72,2142-07,9.0,0.125,2142-07
2142,8,68,2142-08,5.0,0.07352941176470588,2142-08
2142,9,58,2142-09,3.0,0.05172413793103448,2142-09
2142,10,54,2142-10,6.0,0.1111111111111111,2142-10
2142,11,54,2142-11,8.0,0.14814814814814814,2142-11
2142,12,41,2142-12,4.0,0.0975609756097561,2142-12
2143,1,58,2143-01,4.0,0.06896551724137931,2143-01
2143,2,50,2143-02,5.0,0.1,2143-02
2143,3,54,2143-03,2.0,0.037037037037037035,2143-03
2143,4,54,2143-04,4.0,0.07407407407407407,2143-04
2143,5,41,2143-05,5.0,0.12195121951219512,2143-05
2143,6,45,2143-06,2.0,0.044444444444444446,2143-06
2143,7,62,2143-07,6.0,0.0967741935483871,2143-07
2143,8,60,2143-08,5.0,0.08333333333333333,2143-08
2143,9,49,2143-09,5.0,0.10204081632653061,2143-09
2143,10,54,2143-10,3.0,0.05555555555555555,2143-10
2143,11,57,2143-11,4.0,0.07017543859649122,2143-11
2143,12,55,2143-12,8.0,0.14545454545454545,2143-12
2144,1,65,2144-01,4.0,0.06153846153846154,2144-01
2144,2,57,2144-02,8.0,0.14035087719298245,2144-02
2144,3,60,2144-03,8.0,0.13333333333333333,2144-03
2144,4,39,2144-04,4.0,0.10256410256410256,2144-04
2144,5,48,2144-05,5.0,0.10416666666666667,2144-05
2144,6,52,2144-06,4.0,0.07692307692307693,2144-06
2144,7,55,2144-07,4.0,0.07272727272727272,2144-07
2144,8,47,2144-08,3.0,0.06382978723404255,2144-08
2144,9,43,2144-09,4.0,0.09302325581395349,2144-09
2144,10,53,2144-10,5.0,0.09433962264150944,2144-10
2144,11,47,2144-11,5.0,0.10638297872340426,2144-11
2144,12,55,2144-12,8.0,0.14545454545454545,2144-12
2145,1,56,2145-01,4.0,0.07142857142857142,2145-01
2145,2,53,2145-02,3.0,0.05660377358490566,2145-02
2145,3,56,2145-03,12.0,0.21428571428571427,2145-03
2145,4,51,2145-04,8.0,0.1568627450980392,2145-04
2145,5,60,2145-05,7.0,0.11666666666666667,2145-05
2145,6,65,2145-06,7.0,0.1076923076923077,2145-06
2145,7,66,2145-07,5.0,0.07575757575757576,2145-07
2145,8,60,2145-08,5.0,0.08333333333333333,2145-08
2145,9,62,2145-09,5.0,0.08064516129032258,2145-09
2145,10,52,2145-10,6.0,0.11538461538461539,2145-10
2145,11,67,2145-11,5.0,0.07462686567164178,2145-11
2145,12,55,2145-12,7.0,0.12727272727272726,2145-12
2146,1,55,2146-01,7.0,0.12727272727272726,2146-01
2146,2,43,2146-02,4.0,0.09302325581395349,2146-02
2146,3,47,2146-03,3.0,0.06382978723404255,2146-03
2146,4,50,2146-04,6.0,0.12,2146-04
2146,5,50,2146-05,4.0,0.08,2146-05
2146,6,47,2146-06,4.0,0.0851063829787234,2146-06
2146,7,53,2146-07,6.0,0.11320754716981132,2146-07
2146,8,64,2146-08,5.0,0.078125,2146-08
2146,9,47,2146-09,3.0,0.06382978723404255,2146-09
2146,10,55,2146-10,4.0,0.07272727272727272,2146-10
2146,11,52,2146-11,2.0,0.038461538461538464,2146-11
2146,12,68,2146-12,6.0,0.08823529411764706,2146-12
2147,1,52,2147-01,6.0,0.11538461538461539,2147-01
2147,2,52,2147-02,4.0,0.07692307692307693,2147-02
2147,3,44,2147-03,2.0,0.045454545454545456,2147-03
2147,4,42,2147-04,3.0,0.07142857142857142,2147-04
2147,5,57,2147-05,3.0,0.05263157894736842,2147-05
2147,6,53,2147-06,4.0,0.07547169811320754,2147-06
2147,7,49,2147-07,7.0,0.14285714285714285,2147-07
2147,8,47,2147-08,3.0,0.06382978723404255,2147-08
2147,9,50,2147-09,4.0,0.08,2147-09
2147,10,57,2147-10,8.0,0.14035087719298245,2147-10
2147,11,60,2147-11,3.0,0.05,2147-11
2147,12,54,2147-12,6.0,0.1111111111111111,2147-12
2148,1,59,2148-01,6.0,0.1016949152542373,2148-01
2148,2,60,2148-02,4.0,0.06666666666666667,2148-02
2148,3,55,2148-03,7.0,0.12727272727272726,2148-03
2148,4,58,2148-04,5.0,0.08620689655172414,2148-04
2148,5,68,2148-05,4.0,0.058823529411764705,2148-05
2148,6,40,2148-06,4.0,0.1,2148-06
2148,7,59,2148-07,6.0,0.1016949152542373,2148-07
2148,8,55,2148-08,4.0,0.07272727272727272,2148-08
2148,9,53,2148-09,3.0,0.05660377358490566,2148-09
2148,10,51,2148-10,5.0,0.09803921568627451,2148-10
2148,11,54,2148-11,6.0,0.1111111111111111,2148-11
2148,12,62,2148-12,8.0,0.12903225806451613,2148-12
2149,1,49,2149-01,5.0,0.10204081632653061,2149-01
2149,2,45,2149-02,5.0,0.1111111111111111,2149-02
2149,3,51,2149-03,2.0,0.0392156862745098,2149-03
2149,4,43,2149-04,4.0,0.09302325581395349,2149-04
2149,5,62,2149-05,5.0,0.08064516129032258,2149-05
2149,6,66,2149-06,7.0,0.10606060606060606,2149-06
2149,7,49,2149-07,3.0,0.061224489795918366,2149-07
2149,8,55,2149-08,6.0,0.10909090909090909,2149-08
2149,9,46,2149-09,4.0,0.08695652173913043,2149-09
2149,10,50,2149-10,2.0,0.04,2149-10
2149,11,53,2149-11,5.0,0.09433962264150944,2149-11
2149,12,42,2149-12,4.0,0.09523809523809523,2149-12
2150,1,41,2150-01,7.0,0.17073170731707318,2150-01
2150,2,58,2150-02,5.0,0.08620689655172414,2150-02
2150,3,43,2150-03,5.0,0.11627906976744186,2150-03
2150,4,68,2150-04,5.0,0.07352941176470588,2150-04
2150,5,48,2150-05,6.0,0.125,2150-05
2150,6,50,2150-06,6.0,0.12,2150-06
2150,7,53,2150-07,6.0,0.11320754716981132,2150-07
2150,8,61,2150-08,8.0,0.13114754098360656,2150-08
2150,9,40,2150-09,3.0,0.075,2150-09
2150,10,44,2150-10,1.0,0.022727272727272728,2150-10
2150,11,60,2150-11,10.0,0.16666666666666666,2150-11
2150,12,60,2150-12,4.0,0.06666666666666667,2150-12
2151,1,59,2151-01,7.0,0.11864406779661017,2151-01
2151,2,47,2151-02,4.0,0.0851063829787234,2151-02
2151,3,61,2151-03,9.0,0.14754098360655737,2151-03
2151,4,52,2151-04,6.0,0.11538461538461539,2151-04
2151,5,54,2151-05,5.0,0.09259259259259259,2151-05
2151,6,61,2151-06,5.0,0.08196721311475409,2151-06
2151,7,72,2151-07,14.0,0.19444444444444445,2151-07
2151,8,51,2151-08,5.0,0.09803921568627451,2151-08
2151,9,40,2151-09,7.0,0.175,2151-09
2151,10,51,2151-10,4.0,0.0784313725490196,2151-10
2151,11,53,2151-11,6.0,0.11320754716981132,2151-11
2151,12,52,2151-12,4.0,0.07692307692307693,2151-12
2152,1,46,0,0.0,0.0,2152-01
2152,2,45,0,0.0,0.0,2152-02
2152,3,59,2152-03,2.0,0.03389830508474576,2152-03
2152,4,60,2152-04,6.0,0.1,2152-04
2152,5,45,2152-05,3.0,0.06666666666666667,2152-05
2152,6,46,2152-06,3.0,0.06521739130434782,2152-06
2152,7,58,2152-07,6.0,0.10344827586206896,2152-07
2152,8,62,2152-08,7.0,0.11290322580645161,2152-08
2152,9,56,2152-09,3.0,0.05357142857142857,2152-09
2152,10,60,2152-10,2.0,0.03333333333333333,2152-10
2152,11,46,2152-11,2.0,0.043478260869565216,2152-11
2152,12,58,2152-12,3.0,0.05172413793103448,2152-12
2153,1,56,2153-01,7.0,0.125,2153-01
2153,2,66,2153-02,4.0,0.06060606060606061,2153-02
2153,3,54,2153-03,2.0,0.037037037037037035,2153-03
2153,4,60,2153-04,6.0,0.1,2153-04
2153,5,43,2153-05,5.0,0.11627906976744186,2153-05
2153,6,72,2153-06,5.0,0.06944444444444445,2153-06
2153,7,53,2153-07,3.0,0.05660377358490566,2153-07
2153,8,65,2153-08,10.0,0.15384615384615385,2153-08
2153,9,65,2153-09,7.0,0.1076923076923077,2153-09
2153,10,60,2153-10,3.0,0.05,2153-10
2153,11,48,2153-11,2.0,0.041666666666666664,2153-11
2153,12,56,2153-12,5.0,0.08928571428571429,2153-12
2154,1,69,2154-01,3.0,0.043478260869565216,2154-01
2154,2,44,2154-02,4.0,0.09090909090909091,2154-02
2154,3,49,2154-03,1.0,0.02040816326530612,2154-03
2154,4,53,2154-04,3.0,0.05660377358490566,2154-04
2154,5,61,2154-05,2.0,0.03278688524590164,2154-05
2154,6,61,2154-06,4.0,0.06557377049180328,2154-06
2154,7,60,2154-07,2.0,0.03333333333333333,2154-07
2154,8,62,2154-08,4.0,0.06451612903225806,2154-08
2154,9,57,2154-09,7.0,0.12280701754385964,2154-09
2154,10,51,2154-10,9.0,0.17647058823529413,2154-10
2154,11,52,2154-11,2.0,0.038461538461538464,2154-11
2154,12,46,2154-12,4.0,0.08695652173913043,2154-12
2155,1,45,2155-01,4.0,0.08888888888888889,2155-01
2155,2,46,2155-02,4.0,0.08695652173913043,2155-02
2155,3,40,2155-03,4.0,0.1,2155-03
2155,4,66,2155-04,7.0,0.10606060606060606,2155-04
2155,5,56,2155-05,4.0,0.07142857142857142,2155-05
2155,6,46,2155-06,4.0,0.08695652173913043,2155-06
2155,7,56,2155-07,4.0,0.07142857142857142,2155-07
2155,8,57,2155-08,5.0,0.08771929824561403,2155-08
2155,9,58,2155-09,7.0,0.1206896551724138,2155-09
2155,10,54,2155-10,5.0,0.09259259259259259,2155-10
2155,11,45,2155-11,5.0,0.1111111111111111,2155-11
2155,12,44,2155-12,3.0,0.06818181818181818,2155-12
2156,1,70,2156-01,5.0,0.07142857142857142,2156-01
2156,2,50,2156-02,5.0,0.1,2156-02
2156,3,56,2156-03,7.0,0.125,2156-03
2156,4,46,2156-04,1.0,0.021739130434782608,2156-04
2156,5,43,2156-05,6.0,0.13953488372093023,2156-05
2156,6,70,2156-06,5.0,0.07142857142857142,2156-06
2156,7,41,2156-07,5.0,0.12195121951219512,2156-07
2156,8,63,2156-08,6.0,0.09523809523809523,2156-08
2156,9,57,2156-09,4.0,0.07017543859649122,2156-09
2156,10,43,2156-10,3.0,0.06976744186046512,2156-10
2156,11,45,2156-11,4.0,0.08888888888888889,2156-11
2156,12,76,2156-12,8.0,0.10526315789473684,2156-12
2157,1,54,2157-01,3.0,0.05555555555555555,2157-01
2157,2,51,2157-02,3.0,0.058823529411764705,2157-02
2157,3,60,2157-03,6.0,0.1,2157-03
2157,4,55,2157-04,12.0,0.21818181818181817,2157-04
2157,5,58,2157-05,8.0,0.13793103448275862,2157-05
2157,6,60,2157-06,6.0,0.1,2157-06
2157,7,51,2157-07,2.0,0.0392156862745098,2157-07
2157,8,60,2157-08,5.0,0.08333333333333333,2157-08
2157,9,59,2157-09,2.0,0.03389830508474576,2157-09
2157,10,40,2157-10,3.0,0.075,2157-10
2157,11,51,2157-11,4.0,0.0784313725490196,2157-11
2157,12,63,2157-12,3.0,0.047619047619047616,2157-12
2158,1,56,2158-01,7.0,0.125,2158-01
2158,2,49,2158-02,3.0,0.061224489795918366,2158-02
2158,3,57,2158-03,1.0,0.017543859649122806,2158-03
2158,4,50,2158-04,3.0,0.06,2158-04
2158,5,51,2158-05,5.0,0.09803921568627451,2158-05
2158,6,64,2158-06,4.0,0.0625,2158-06
2158,7,55,0,0.0,0.0,2158-07
2158,8,58,2158-08,5.0,0.08620689655172414,2158-08
2158,9,58,2158-09,3.0,0.05172413793103448,2158-09
2158,10,58,2158-10,5.0,0.08620689655172414,2158-10
2158,11,50,2158-11,5.0,0.1,2158-11
2158,12,57,2158-12,5.0,0.08771929824561403,2158-12
2159,1,56,2159-01,6.0,0.10714285714285714,2159-01
2159,2,65,2159-02,6.0,0.09230769230769231,2159-02
2159,3,45,2159-03,8.0,0.17777777777777778,2159-03
2159,4,53,2159-04,2.0,0.03773584905660377,2159-04
2159,5,62,2159-05,7.0,0.11290322580645161,2159-05
2159,6,50,2159-06,5.0,0.1,2159-06
2159,7,61,2159-07,10.0,0.16393442622950818,2159-07
2159,8,67,2159-08,9.0,0.13432835820895522,2159-08
2159,9,79,2159-09,7.0,0.08860759493670886,2159-09
2159,10,55,2159-10,3.0,0.05454545454545454,2159-10
2159,11,54,0,0.0,0.0,2159-11
2159,12,52,2159-12,4.0,0.07692307692307693,2159-12
2160,1,55,2160-01,4.0,0.07272727272727272,2160-01
2160,2,55,2160-02,3.0,0.05454545454545454,2160-02
2160,3,50,2160-03,3.0,0.06,2160-03
2160,4,45,2160-04,1.0,0.022222222222222223,2160-04
2160,5,62,2160-05,5.0,0.08064516129032258,2160-05
2160,6,51,2160-06,3.0,0.058823529411764705,2160-06
2160,7,63,2160-07,5.0,0.07936507936507936,2160-07
2160,8,59,2160-08,2.0,0.03389830508474576,2160-08
2160,9,50,2160-09,5.0,0.1,2160-09
2160,10,55,2160-10,5.0,0.09090909090909091,2160-10
2160,11,55,2160-11,4.0,0.07272727272727272,2160-11
2160,12,58,2160-12,9.0,0.15517241379310345,2160-12
2161,1,58,2161-01,5.0,0.08620689655172414,2161-01
2161,2,52,2161-02,6.0,0.11538461538461539,2161-02
2161,3,67,2161-03,6.0,0.08955223880597014,2161-03
2161,4,55,2161-04,9.0,0.16363636363636364,2161-04
2161,5,53,2161-05,2.0,0.03773584905660377,2161-05
2161,6,42,2161-06,2.0,0.047619047619047616,2161-06
2161,7,67,2161-07,3.0,0.04477611940298507,2161-07
2161,8,66,2161-08,4.0,0.06060606060606061,2161-08
2161,9,60,2161-09,5.0,0.08333333333333333,2161-09
2161,10,63,2161-10,7.0,0.1111111111111111,2161-10
2161,11,58,2161-11,5.0,0.08620689655172414,2161-11
2161,12,45,2161-12,5.0,0.1111111111111111,2161-12
2162,1,56,2162-01,7.0,0.125,2162-01
2162,2,51,2162-02,9.0,0.17647058823529413,2162-02
2162,3,63,2162-03,3.0,0.047619047619047616,2162-03
2162,4,62,2162-04,8.0,0.12903225806451613,2162-04
2162,5,46,2162-05,4.0,0.08695652173913043,2162-05
2162,6,58,2162-06,3.0,0.05172413793103448,2162-06
2162,7,40,2162-07,3.0,0.075,2162-07
2162,8,56,2162-08,2.0,0.03571428571428571,2162-08
2162,9,48,2162-09,3.0,0.0625,2162-09
2162,10,51,2162-10,2.0,0.0392156862745098,2162-10
2162,11,47,2162-11,3.0,0.06382978723404255,2162-11
2162,12,49,2162-12,3.0,0.061224489795918366,2162-12
2163,1,69,2163-01,11.0,0.15942028985507245,2163-01
2163,2,52,2163-02,4.0,0.07692307692307693,2163-02
2163,3,60,2163-03,7.0,0.11666666666666667,2163-03
2163,4,54,2163-04,6.0,0.1111111111111111,2163-04
2163,5,63,2163-05,9.0,0.14285714285714285,2163-05
2163,6,48,2163-06,2.0,0.041666666666666664,2163-06
2163,7,62,2163-07,2.0,0.03225806451612903,2163-07
2163,8,55,2163-08,5.0,0.09090909090909091,2163-08
2163,9,56,2163-09,5.0,0.08928571428571429,2163-09
2163,10,41,2163-10,7.0,0.17073170731707318,2163-10
2163,11,49,2163-11,6.0,0.12244897959183673,2163-11
2163,12,54,2163-12,4.0,0.07407407407407407,2163-12
2164,1,47,2164-01,6.0,0.1276595744680851,2164-01
2164,2,46,2164-02,9.0,0.1956521739130435,2164-02
2164,3,42,2164-03,4.0,0.09523809523809523,2164-03
2164,4,44,2164-04,5.0,0.11363636363636363,2164-04
2164,5,60,2164-05,3.0,0.05,2164-05
2164,6,52,2164-06,4.0,0.07692307692307693,2164-06
2164,7,61,2164-07,6.0,0.09836065573770492,2164-07
2164,8,62,2164-08,1.0,0.016129032258064516,2164-08
2164,9,55,2164-09,4.0,0.07272727272727272,2164-09
2164,10,64,2164-10,6.0,0.09375,2164-10
2164,11,44,2164-11,7.0,0.1590909090909091,2164-11
2164,12,44,2164-12,1.0,0.022727272727272728,2164-12
2165,1,58,2165-01,3.0,0.05172413793103448,2165-01
2165,2,37,2165-02,2.0,0.05405405405405406,2165-02
2165,3,54,2165-03,5.0,0.09259259259259259,2165-03
2165,4,49,2165-04,5.0,0.10204081632653061,2165-04
2165,5,67,2165-05,5.0,0.07462686567164178,2165-05
2165,6,56,2165-06,5.0,0.08928571428571429,2165-06
2165,7,48,2165-07,3.0,0.0625,2165-07
2165,8,58,2165-08,5.0,0.08620689655172414,2165-08
2165,9,54,2165-09,11.0,0.2037037037037037,2165-09
2165,10,51,2165-10,1.0,0.0196078431372549,2165-10
2165,11,55,2165-11,1.0,0.01818181818181818,2165-11
2165,12,56,2165-12,3.0,0.05357142857142857,2165-12
2166,1,50,2166-01,5.0,0.1,2166-01
2166,2,60,2166-02,11.0,0.18333333333333332,2166-02
2166,3,62,2166-03,4.0,0.06451612903225806,2166-03
2166,4,56,2166-04,7.0,0.125,2166-04
2166,5,51,2166-05,2.0,0.0392156862745098,2166-05
2166,6,65,2166-06,3.0,0.046153846153846156,2166-06
2166,7,54,2166-07,6.0,0.1111111111111111,2166-07
2166,8,53,2166-08,4.0,0.07547169811320754,2166-08
2166,9,50,2166-09,3.0,0.06,2166-09
2166,10,66,2166-10,7.0,0.10606060606060606,2166-10
2166,11,54,2166-11,4.0,0.07407407407407407,2166-11
2166,12,66,2166-12,4.0,0.06060606060606061,2166-12
2167,1,53,2167-01,8.0,0.1509433962264151,2167-01
2167,2,53,2167-02,8.0,0.1509433962264151,2167-02
2167,3,53,2167-03,2.0,0.03773584905660377,2167-03
2167,4,67,2167-04,7.0,0.1044776119402985,2167-04
2167,5,48,2167-05,4.0,0.08333333333333333,2167-05
2167,6,57,2167-06,5.0,0.08771929824561403,2167-06
2167,7,61,2167-07,5.0,0.08196721311475409,2167-07
2167,8,64,2167-08,6.0,0.09375,2167-08
2167,9,59,2167-09,3.0,0.05084745762711865,2167-09
2167,10,50,2167-10,6.0,0.12,2167-10
2167,11,52,2167-11,6.0,0.11538461538461539,2167-11
2167,12,63,2167-12,8.0,0.12698412698412698,2167-12
2168,1,55,2168-01,7.0,0.12727272727272726,2168-01
2168,2,46,2168-02,6.0,0.13043478260869565,2168-02
2168,3,57,2168-03,5.0,0.08771929824561403,2168-03
2168,4,48,2168-04,4.0,0.08333333333333333,2168-04
2168,5,54,2168-05,6.0,0.1111111111111111,2168-05
2168,6,63,2168-06,6.0,0.09523809523809523,2168-06
2168,7,63,2168-07,8.0,0.12698412698412698,2168-07
2168,8,66,2168-08,5.0,0.07575757575757576,2168-08
2168,9,61,2168-09,6.0,0.09836065573770492,2168-09
2168,10,51,2168-10,4.0,0.0784313725490196,2168-10
2168,11,44,2168-11,8.0,0.18181818181818182,2168-11
2168,12,68,2168-12,9.0,0.1323529411764706,2168-12
2169,1,61,2169-01,7.0,0.11475409836065574,2169-01
2169,2,45,2169-02,5.0,0.1111111111111111,2169-02
2169,3,43,2169-03,5.0,0.11627906976744186,2169-03
2169,4,52,2169-04,5.0,0.09615384615384616,2169-04
2169,5,51,2169-05,4.0,0.0784313725490196,2169-05
2169,6,57,2169-06,6.0,0.10526315789473684,2169-06
2169,7,49,2169-07,3.0,0.061224489795918366,2169-07
2169,8,58,2169-08,5.0,0.08620689655172414,2169-08
2169,9,67,2169-09,5.0,0.07462686567164178,2169-09
2169,10,42,2169-10,7.0,0.16666666666666666,2169-10
2169,11,55,2169-11,1.0,0.01818181818181818,2169-11
2169,12,46,2169-12,5.0,0.10869565217391304,2169-12
2170,1,55,2170-01,7.0,0.12727272727272726,2170-01
2170,2,45,2170-02,1.0,0.022222222222222223,2170-02
2170,3,57,2170-03,5.0,0.08771929824561403,2170-03
2170,4,49,2170-04,9.0,0.1836734693877551,2170-04
2170,5,55,2170-05,6.0,0.10909090909090909,2170-05
2170,6,51,2170-06,3.0,0.058823529411764705,2170-06
2170,7,65,2170-07,5.0,0.07692307692307693,2170-07
2170,8,49,2170-08,3.0,0.061224489795918366,2170-08
2170,9,39,2170-09,1.0,0.02564102564102564,2170-09
2170,10,60,2170-10,4.0,0.06666666666666667,2170-10
2170,11,51,2170-11,7.0,0.13725490196078433,2170-11
2170,12,47,2170-12,5.0,0.10638297872340426,2170-12
2171,1,43,2171-01,5.0,0.11627906976744186,2171-01
2171,2,43,2171-02,7.0,0.16279069767441862,2171-02
2171,3,59,2171-03,4.0,0.06779661016949153,2171-03
2171,4,57,2171-04,6.0,0.10526315789473684,2171-04
2171,5,53,2171-05,5.0,0.09433962264150944,2171-05
2171,6,44,2171-06,3.0,0.06818181818181818,2171-06
2171,7,47,0,0.0,0.0,2171-07
2171,8,47,2171-08,5.0,0.10638297872340426,2171-08
2171,9,56,0,0.0,0.0,2171-09
2171,10,59,2171-10,5.0,0.0847457627118644,2171-10
2171,11,48,2171-11,3.0,0.0625,2171-11
2171,12,55,2171-12,6.0,0.10909090909090909,2171-12
2172,1,50,2172-01,3.0,0.06,2172-01
2172,2,43,2172-02,2.0,0.046511627906976744,2172-02
2172,3,57,2172-03,11.0,0.19298245614035087,2172-03
2172,4,53,2172-04,6.0,0.11320754716981132,2172-04
2172,5,50,2172-05,3.0,0.06,2172-05
2172,6,54,2172-06,8.0,0.14814814814814814,2172-06
2172,7,62,2172-07,4.0,0.06451612903225806,2172-07
2172,8,32,2172-08,3.0,0.09375,2172-08
2172,9,56,2172-09,5.0,0.08928571428571429,2172-09
2172,10,58,2172-10,6.0,0.10344827586206896,2172-10
2172,11,46,2172-11,6.0,0.13043478260869565,2172-11
2172,12,50,2172-12,3.0,0.06,2172-12
2173,1,50,2173-01,3.0,0.06,2173-01
2173,2,57,2173-02,6.0,0.10526315789473684,2173-02
2173,3,60,2173-03,4.0,0.06666666666666667,2173-03
2173,4,56,2173-04,5.0,0.08928571428571429,2173-04
2173,5,49,2173-05,2.0,0.04081632653061224,2173-05
2173,6,54,2173-06,6.0,0.1111111111111111,2173-06
2173,7,61,2173-07,3.0,0.04918032786885246,2173-07
2173,8,56,2173-08,9.0,0.16071428571428573,2173-08
2173,9,42,2173-09,3.0,0.07142857142857142,2173-09
2173,10,56,0,0.0,0.0,2173-10
2173,11,57,2173-11,3.0,0.05263157894736842,2173-11
2173,12,58,2173-12,13.0,0.22413793103448276,2173-12
2174,1,59,2174-01,3.0,0.05084745762711865,2174-01
2174,2,44,2174-02,3.0,0.06818181818181818,2174-02
2174,3,67,2174-03,12.0,0.1791044776119403,2174-03
2174,4,46,2174-04,6.0,0.13043478260869565,2174-04
2174,5,59,2174-05,1.0,0.01694915254237288,2174-05
2174,6,47,2174-06,4.0,0.0851063829787234,2174-06
2174,7,51,2174-07,4.0,0.0784313725490196,2174-07
2174,8,65,2174-08,10.0,0.15384615384615385,2174-08
2174,9,53,2174-09,4.0,0.07547169811320754,2174-09
2174,10,54,2174-10,5.0,0.09259259259259259,2174-10
2174,11,55,2174-11,5.0,0.09090909090909091,2174-11
2174,12,53,2174-12,8.0,0.1509433962264151,2174-12
2175,1,51,2175-01,3.0,0.058823529411764705,2175-01
2175,2,50,2175-02,2.0,0.04,2175-02
2175,3,53,2175-03,4.0,0.07547169811320754,2175-03
2175,4,46,2175-04,4.0,0.08695652173913043,2175-04
2175,5,56,2175-05,4.0,0.07142857142857142,2175-05
2175,6,54,2175-06,5.0,0.09259259259259259,2175-06
2175,7,61,2175-07,6.0,0.09836065573770492,2175-07
2175,8,56,2175-08,2.0,0.03571428571428571,2175-08
2175,9,61,2175-09,5.0,0.08196721311475409,2175-09
2175,10,47,2175-10,3.0,0.06382978723404255,2175-10
2175,11,47,2175-11,2.0,0.0425531914893617,2175-11
2175,12,40,2175-12,4.0,0.1,2175-12
2176,1,48,2176-01,6.0,0.125,2176-01
2176,2,40,2176-02,3.0,0.075,2176-02
2176,3,49,2176-03,4.0,0.08163265306122448,2176-03
2176,4,42,2176-04,3.0,0.07142857142857142,2176-04
2176,5,36,2176-05,2.0,0.05555555555555555,2176-05
2176,6,51,2176-06,3.0,0.058823529411764705,2176-06
2176,7,75,2176-07,5.0,0.06666666666666667,2176-07
2176,8,59,2176-08,1.0,0.01694915254237288,2176-08
2176,9,47,2176-09,2.0,0.0425531914893617,2176-09
2176,10,56,2176-10,5.0,0.08928571428571429,2176-10
2176,11,66,2176-11,6.0,0.09090909090909091,2176-11
2176,12,61,2176-12,4.0,0.06557377049180328,2176-12
2177,1,60,2177-01,7.0,0.11666666666666667,2177-01
2177,2,48,2177-02,3.0,0.0625,2177-02
2177,3,56,2177-03,6.0,0.10714285714285714,2177-03
2177,4,56,2177-04,9.0,0.16071428571428573,2177-04
2177,5,54,2177-05,5.0,0.09259259259259259,2177-05
2177,6,48,2177-06,2.0,0.041666666666666664,2177-06
2177,7,55,2177-07,1.0,0.01818181818181818,2177-07
2177,8,63,2177-08,9.0,0.14285714285714285,2177-08
2177,9,62,2177-09,6.0,0.0967741935483871,2177-09
2177,10,57,2177-10,4.0,0.07017543859649122,2177-10
2177,11,50,2177-11,3.0,0.06,2177-11
2177,12,56,2177-12,6.0,0.10714285714285714,2177-12
2178,1,60,2178-01,9.0,0.15,2178-01
2178,2,64,2178-02,7.0,0.109375,2178-02
2178,3,68,2178-03,10.0,0.14705882352941177,2178-03
2178,4,65,2178-04,8.0,0.12307692307692308,2178-04
2178,5,56,2178-05,3.0,0.05357142857142857,2178-05
2178,6,41,2178-06,5.0,0.12195121951219512,2178-06
2178,7,63,2178-07,7.0,0.1111111111111111,2178-07
2178,8,66,2178-08,5.0,0.07575757575757576,2178-08
2178,9,51,2178-09,6.0,0.11764705882352941,2178-09
2178,10,54,2178-10,6.0,0.1111111111111111,2178-10
2178,11,52,2178-11,5.0,0.09615384615384616,2178-11
2178,12,64,2178-12,3.0,0.046875,2178-12
2179,1,48,2179-01,5.0,0.10416666666666667,2179-01
2179,2,57,2179-02,5.0,0.08771929824561403,2179-02
2179,3,58,2179-03,4.0,0.06896551724137931,2179-03
2179,4,68,2179-04,7.0,0.10294117647058823,2179-04
2179,5,66,2179-05,8.0,0.12121212121212122,2179-05
2179,6,50,2179-06,4.0,0.08,2179-06
2179,7,59,2179-07,5.0,0.0847457627118644,2179-07
2179,8,70,2179-08,8.0,0.11428571428571428,2179-08
2179,9,60,2179-09,6.0,0.1,2179-09
2179,10,74,2179-10,7.0,0.0945945945945946,2179-10
2179,11,68,2179-11,6.0,0.08823529411764706,2179-11
2179,12,52,2179-12,5.0,0.09615384615384616,2179-12
2180,1,53,2180-01,4.0,0.07547169811320754,2180-01
2180,2,56,2180-02,7.0,0.125,2180-02
2180,3,61,2180-03,4.0,0.06557377049180328,2180-03
2180,4,59,2180-04,4.0,0.06779661016949153,2180-04
2180,5,57,2180-05,5.0,0.08771929824561403,2180-05
2180,6,50,2180-06,2.0,0.04,2180-06
2180,7,55,2180-07,1.0,0.01818181818181818,2180-07
2180,8,69,2180-08,7.0,0.10144927536231885,2180-08
2180,9,46,2180-09,6.0,0.13043478260869565,2180-09
2180,10,52,2180-10,4.0,0.07692307692307693,2180-10
2180,11,60,2180-11,6.0,0.1,2180-11
2180,12,54,2180-12,3.0,0.05555555555555555,2180-12
2181,1,55,2181-01,5.0,0.09090909090909091,2181-01
2181,2,47,2181-02,1.0,0.02127659574468085,2181-02
2181,3,52,2181-03,6.0,0.11538461538461539,2181-03
2181,4,51,2181-04,2.0,0.0392156862745098,2181-04
2181,5,58,2181-05,5.0,0.08620689655172414,2181-05
2181,6,55,2181-06,2.0,0.03636363636363636,2181-06
2181,7,56,2181-07,5.0,0.08928571428571429,2181-07
2181,8,54,2181-08,6.0,0.1111111111111111,2181-08
2181,9,40,2181-09,4.0,0.1,2181-09
2181,10,65,2181-10,6.0,0.09230769230769231,2181-10
2181,11,56,2181-11,5.0,0.08928571428571429,2181-11
2181,12,55,2181-12,12.0,0.21818181818181817,2181-12
2182,1,38,2182-01,2.0,0.05263157894736842,2182-01
2182,2,48,2182-02,2.0,0.041666666666666664,2182-02
2182,3,52,2182-03,5.0,0.09615384615384616,2182-03
2182,4,64,2182-04,4.0,0.0625,2182-04
2182,5,59,2182-05,5.0,0.0847457627118644,2182-05
2182,6,54,2182-06,6.0,0.1111111111111111,2182-06
2182,7,59,2182-07,5.0,0.0847457627118644,2182-07
2182,8,57,2182-08,6.0,0.10526315789473684,2182-08
2182,9,52,2182-09,3.0,0.057692307692307696,2182-09
2182,10,52,2182-10,7.0,0.1346153846153846,2182-10
2182,11,57,2182-11,1.0,0.017543859649122806,2182-11
2182,12,55,2182-12,6.0,0.10909090909090909,2182-12
2183,1,62,2183-01,2.0,0.03225806451612903,2183-01
2183,2,55,2183-02,5.0,0.09090909090909091,2183-02
2183,3,54,2183-03,7.0,0.12962962962962962,2183-03
2183,4,56,2183-04,5.0,0.08928571428571429,2183-04
2183,5,39,2183-05,4.0,0.10256410256410256,2183-05
2183,6,50,2183-06,3.0,0.06,2183-06
2183,7,60,2183-07,4.0,0.06666666666666667,2183-07
2183,8,65,2183-08,4.0,0.06153846153846154,2183-08
2183,9,46,2183-09,5.0,0.10869565217391304,2183-09
2183,10,54,2183-10,7.0,0.12962962962962962,2183-10
2183,11,60,2183-11,3.0,0.05,2183-11
2183,12,44,2183-12,10.0,0.22727272727272727,2183-12
2184,1,53,2184-01,4.0,0.07547169811320754,2184-01
2184,2,46,2184-02,4.0,0.08695652173913043,2184-02
2184,3,53,2184-03,2.0,0.03773584905660377,2184-03
2184,4,38,2184-04,6.0,0.15789473684210525,2184-04
2184,5,45,2184-05,2.0,0.044444444444444446,2184-05
2184,6,55,2184-06,3.0,0.05454545454545454,2184-06
2184,7,55,2184-07,4.0,0.07272727272727272,2184-07
2184,8,62,2184-08,6.0,0.0967741935483871,2184-08
2184,9,64,2184-09,4.0,0.0625,2184-09
2184,10,69,2184-10,6.0,0.08695652173913043,2184-10
2184,11,47,2184-11,3.0,0.06382978723404255,2184-11
2184,12,54,2184-12,7.0,0.12962962962962962,2184-12
2185,1,55,2185-01,3.0,0.05454545454545454,2185-01
2185,2,46,2185-02,6.0,0.13043478260869565,2185-02
2185,3,57,2185-03,7.0,0.12280701754385964,2185-03
2185,4,51,2185-04,5.0,0.09803921568627451,2185-04
2185,5,64,2185-05,3.0,0.046875,2185-05
2185,6,60,2185-06,4.0,0.06666666666666667,2185-06
2185,7,59,2185-07,5.0,0.0847457627118644,2185-07
2185,8,63,2185-08,7.0,0.1111111111111111,2185-08
2185,9,50,2185-09,8.0,0.16,2185-09
2185,10,61,2185-10,4.0,0.06557377049180328,2185-10
2185,11,49,2185-11,2.0,0.04081632653061224,2185-11
2185,12,41,2185-12,3.0,0.07317073170731707,2185-12
2186,1,52,2186-01,5.0,0.09615384615384616,2186-01
2186,2,53,2186-02,5.0,0.09433962264150944,2186-02
2186,3,43,2186-03,4.0,0.09302325581395349,2186-03
2186,4,43,2186-04,4.0,0.09302325581395349,2186-04
2186,5,48,2186-05,3.0,0.0625,2186-05
2186,6,55,2186-06,7.0,0.12727272727272726,2186-06
2186,7,58,2186-07,7.0,0.1206896551724138,2186-07
2186,8,47,2186-08,5.0,0.10638297872340426,2186-08
2186,9,45,2186-09,2.0,0.044444444444444446,2186-09
2186,10,51,2186-10,1.0,0.0196078431372549,2186-10
2186,11,45,2186-11,4.0,0.08888888888888889,2186-11
2186,12,46,2186-12,3.0,0.06521739130434782,2186-12
2187,1,56,2187-01,5.0,0.08928571428571429,2187-01
2187,2,43,2187-02,3.0,0.06976744186046512,2187-02
2187,3,47,2187-03,3.0,0.06382978723404255,2187-03
2187,4,52,2187-04,5.0,0.09615384615384616,2187-04
2187,5,56,2187-05,2.0,0.03571428571428571,2187-05
2187,6,50,2187-06,6.0,0.12,2187-06
2187,7,64,2187-07,2.0,0.03125,2187-07
2187,8,61,2187-08,4.0,0.06557377049180328,2187-08
2187,9,53,2187-09,4.0,0.07547169811320754,2187-09
2187,10,66,2187-10,5.0,0.07575757575757576,2187-10
2187,11,56,2187-11,2.0,0.03571428571428571,2187-11
2187,12,70,2187-12,3.0,0.04285714285714286,2187-12
2188,1,54,2188-01,3.0,0.05555555555555555,2188-01
2188,2,56,2188-02,3.0,0.05357142857142857,2188-02
2188,3,57,2188-03,1.0,0.017543859649122806,2188-03
2188,4,62,2188-04,3.0,0.04838709677419355,2188-04
2188,5,54,2188-05,3.0,0.05555555555555555,2188-05
2188,6,50,2188-06,6.0,0.12,2188-06
2188,7,65,2188-07,2.0,0.03076923076923077,2188-07
2188,8,61,2188-08,6.0,0.09836065573770492,2188-08
2188,9,48,2188-09,2.0,0.041666666666666664,2188-09
2188,10,53,2188-10,2.0,0.03773584905660377,2188-10
2188,11,53,2188-11,7.0,0.1320754716981132,2188-11
2188,12,63,2188-12,7.0,0.1111111111111111,2188-12
2189,1,60,2189-01,7.0,0.11666666666666667,2189-01
2189,2,61,2189-02,4.0,0.06557377049180328,2189-02
2189,3,53,2189-03,6.0,0.11320754716981132,2189-03
2189,4,39,2189-04,3.0,0.07692307692307693,2189-04
2189,5,53,2189-05,3.0,0.05660377358490566,2189-05
2189,6,54,2189-06,7.0,0.12962962962962962,2189-06
2189,7,45,2189-07,6.0,0.13333333333333333,2189-07
2189,8,55,2189-08,7.0,0.12727272727272726,2189-08
2189,9,63,2189-09,6.0,0.09523809523809523,2189-09
2189,10,46,2189-10,8.0,0.17391304347826086,2189-10
2189,11,56,2189-11,5.0,0.08928571428571429,2189-11
2189,12,63,2189-12,7.0,0.1111111111111111,2189-12
2190,1,51,2190-01,4.0,0.0784313725490196,2190-01
2190,2,54,2190-02,5.0,0.09259259259259259,2190-02
2190,3,58,2190-03,1.0,0.017241379310344827,2190-03
2190,4,44,2190-04,2.0,0.045454545454545456,2190-04
2190,5,60,2190-05,4.0,0.06666666666666667,2190-05
2190,6,40,2190-06,2.0,0.05,2190-06
2190,7,55,2190-07,3.0,0.05454545454545454,2190-07
2190,8,46,2190-08,6.0,0.13043478260869565,2190-08
2190,9,69,2190-09,7.0,0.10144927536231885,2190-09
2190,10,61,2190-10,4.0,0.06557377049180328,2190-10
2190,11,59,2190-11,6.0,0.1016949152542373,2190-11
2190,12,59,2190-12,6.0,0.1016949152542373,2190-12
2191,1,62,2191-01,8.0,0.12903225806451613,2191-01
2191,2,55,2191-02,7.0,0.12727272727272726,2191-02
2191,3,61,2191-03,4.0,0.06557377049180328,2191-03
2191,4,60,2191-04,8.0,0.13333333333333333,2191-04
2191,5,54,2191-05,3.0,0.05555555555555555,2191-05
2191,6,45,2191-06,2.0,0.044444444444444446,2191-06
2191,7,51,2191-07,5.0,0.09803921568627451,2191-07
2191,8,53,2191-08,6.0,0.11320754716981132,2191-08
2191,9,46,2191-09,3.0,0.06521739130434782,2191-09
2191,10,37,2191-10,7.0,0.1891891891891892,2191-10
2191,11,48,2191-11,2.0,0.041666666666666664,2191-11
2191,12,48,2191-12,4.0,0.08333333333333333,2191-12
2192,1,42,2192-01,4.0,0.09523809523809523,2192-01
2192,2,42,2192-02,2.0,0.047619047619047616,2192-02
2192,3,61,2192-03,5.0,0.08196721311475409,2192-03
2192,4,56,2192-04,9.0,0.16071428571428573,2192-04
2192,5,52,2192-05,7.0,0.1346153846153846,2192-05
2192,6,44,2192-06,3.0,0.06818181818181818,2192-06
2192,7,52,2192-07,4.0,0.07692307692307693,2192-07
2192,8,56,2192-08,6.0,0.10714285714285714,2192-08
2192,9,68,2192-09,3.0,0.04411764705882353,2192-09
2192,10,60,2192-10,3.0,0.05,2192-10
2192,11,60,2192-11,4.0,0.06666666666666667,2192-11
2192,12,53,2192-12,8.0,0.1509433962264151,2192-12
2193,1,51,2193-01,4.0,0.0784313725490196,2193-01
2193,2,45,2193-02,6.0,0.13333333333333333,2193-02
2193,3,52,2193-03,6.0,0.11538461538461539,2193-03
2193,4,48,2193-04,2.0,0.041666666666666664,2193-04
2193,5,58,2193-05,6.0,0.10344827586206896,2193-05
2193,6,60,2193-06,2.0,0.03333333333333333,2193-06
2193,7,45,2193-07,2.0,0.044444444444444446,2193-07
2193,8,51,2193-08,5.0,0.09803921568627451,2193-08
2193,9,58,2193-09,6.0,0.10344827586206896,2193-09
2193,10,35,2193-10,2.0,0.05714285714285714,2193-10
2193,11,50,2193-11,3.0,0.06,2193-11
2193,12,54,2193-12,5.0,0.09259259259259259,2193-12
2194,1,66,2194-01,5.0,0.07575757575757576,2194-01
2194,2,50,2194-02,7.0,0.14,2194-02
2194,3,51,2194-03,5.0,0.09803921568627451,2194-03
2194,4,48,2194-04,2.0,0.041666666666666664,2194-04
2194,5,44,2194-05,3.0,0.06818181818181818,2194-05
2194,6,47,2194-06,1.0,0.02127659574468085,2194-06
2194,7,47,2194-07,4.0,0.0851063829787234,2194-07
2194,8,48,2194-08,1.0,0.020833333333333332,2194-08
2194,9,40,2194-09,3.0,0.075,2194-09
2194,10,59,2194-10,4.0,0.06779661016949153,2194-10
2194,11,48,2194-11,2.0,0.041666666666666664,2194-11
2194,12,65,2194-12,2.0,0.03076923076923077,2194-12
2195,1,61,2195-01,8.0,0.13114754098360656,2195-01
2195,2,45,2195-02,4.0,0.08888888888888889,2195-02
2195,3,46,2195-03,3.0,0.06521739130434782,2195-03
2195,4,45,2195-04,4.0,0.08888888888888889,2195-04
2195,5,54,2195-05,8.0,0.14814814814814814,2195-05
2195,6,43,2195-06,1.0,0.023255813953488372,2195-06
2195,7,58,2195-07,7.0,0.1206896551724138,2195-07
2195,8,59,2195-08,6.0,0.1016949152542373,2195-08
2195,9,57,2195-09,5.0,0.08771929824561403,2195-09
2195,10,53,2195-10,7.0,0.1320754716981132,2195-10
2195,11,52,2195-11,3.0,0.057692307692307696,2195-11
2195,12,51,2195-12,4.0,0.0784313725490196,2195-12
2196,1,49,2196-01,4.0,0.08163265306122448,2196-01
2196,2,53,2196-02,4.0,0.07547169811320754,2196-02
2196,3,60,2196-03,4.0,0.06666666666666667,2196-03
2196,4,76,2196-04,8.0,0.10526315789473684,2196-04
2196,5,55,2196-05,4.0,0.07272727272727272,2196-05
2196,6,43,2196-06,5.0,0.11627906976744186,2196-06
2196,7,53,2196-07,7.0,0.1320754716981132,2196-07
2196,8,59,2196-08,6.0,0.1016949152542373,2196-08
2196,9,59,2196-09,9.0,0.15254237288135594,2196-09
2196,10,58,2196-10,5.0,0.08620689655172414,2196-10
2196,11,55,2196-11,10.0,0.18181818181818182,2196-11
2196,12,58,2196-12,7.0,0.1206896551724138,2196-12
2197,1,52,2197-01,5.0,0.09615384615384616,2197-01
2197,2,43,2197-02,4.0,0.09302325581395349,2197-02
2197,3,59,2197-03,4.0,0.06779661016949153,2197-03
2197,4,52,2197-04,6.0,0.11538461538461539,2197-04
2197,5,67,0,0.0,0.0,2197-05
2197,6,64,2197-06,11.0,0.171875,2197-06
2197,7,53,2197-07,7.0,0.1320754716981132,2197-07
2197,8,44,2197-08,3.0,0.06818181818181818,2197-08
2197,9,49,2197-09,5.0,0.10204081632653061,2197-09
2197,10,52,2197-10,4.0,0.07692307692307693,2197-10
2197,11,60,2197-11,5.0,0.08333333333333333,2197-11
2197,12,52,2197-12,5.0,0.09615384615384616,2197-12
2198,1,60,2198-01,9.0,0.15,2198-01
2198,2,51,2198-02,3.0,0.058823529411764705,2198-02
2198,3,52,2198-03,3.0,0.057692307692307696,2198-03
2198,4,40,2198-04,6.0,0.15,2198-04
2198,5,62,2198-05,7.0,0.11290322580645161,2198-05
2198,6,46,2198-06,4.0,0.08695652173913043,2198-06
2198,7,53,2198-07,7.0,0.1320754716981132,2198-07
2198,8,47,2198-08,2.0,0.0425531914893617,2198-08
2198,9,52,2198-09,5.0,0.09615384615384616,2198-09
2198,10,51,2198-10,2.0,0.0392156862745098,2198-10
2198,11,44,2198-11,2.0,0.045454545454545456,2198-11
2198,12,58,2198-12,5.0,0.08620689655172414,2198-12
2199,1,52,2199-01,5.0,0.09615384615384616,2199-01
2199,2,46,2199-02,5.0,0.10869565217391304,2199-02
2199,3,49,2199-03,3.0,0.061224489795918366,2199-03
2199,4,48,2199-04,7.0,0.14583333333333334,2199-04
2199,5,64,2199-05,6.0,0.09375,2199-05
2199,6,47,2199-06,3.0,0.06382978723404255,2199-06
2199,7,69,2199-07,5.0,0.07246376811594203,2199-07
2199,8,64,2199-08,3.0,0.046875,2199-08
2199,9,62,2199-09,2.0,0.03225806451612903,2199-09
2199,10,56,2199-10,4.0,0.07142857142857142,2199-10
2199,11,45,2199-11,2.0,0.044444444444444446,2199-11
2199,12,55,2199-12,4.0,0.07272727272727272,2199-12
2200,1,59,2200-01,4.0,0.06779661016949153,2200-01
2200,2,51,2200-02,3.0,0.058823529411764705,2200-02
2200,3,65,2200-03,5.0,0.07692307692307693,2200-03
2200,4,75,2200-04,10.0,0.13333333333333333,2200-04
2200,5,62,2200-05,7.0,0.11290322580645161,2200-05
2200,6,56,2200-06,4.0,0.07142857142857142,2200-06
2200,7,58,2200-07,4.0,0.06896551724137931,2200-07
2200,8,49,2200-08,9.0,0.1836734693877551,2200-08
2200,9,63,2200-09,8.0,0.12698412698412698,2200-09
2200,10,56,2200-10,6.0,0.10714285714285714,2200-10
2200,11,61,2200-11,7.0,0.11475409836065574,2200-11
2200,12,55,2200-12,6.0,0.10909090909090909,2200-12
2201,1,58,2201-01,6.0,0.10344827586206896,2201-01
2201,2,60,2201-02,5.0,0.08333333333333333,2201-02
2201,3,47,2201-03,3.0,0.06382978723404255,2201-03
2201,4,47,2201-04,4.0,0.0851063829787234,2201-04
2201,5,53,2201-05,2.0,0.03773584905660377,2201-05
2201,6,36,2201-06,1.0,0.027777777777777776,2201-06
2201,7,23,2201-07,3.0,0.13043478260869565,2201-07
2201,8,13,2201-08,2.0,0.15384615384615385,2201-08
2201,9,8,0,0.0,0.0,2201-09
2201,10,5,0,0.0,0.0,2201-10
2201,11,8,0,0.0,0.0,2201-11
2201,12,7,0,0.0,0.0,2201-12
2202,1,6,2202-01,1.0,0.16666666666666666,2202-01
2202,2,6,2202-02,1.0,0.16666666666666666,2202-02
2202,3,9,2202-03,1.0,0.1111111111111111,2202-03
2202,4,7,0,0.0,0.0,2202-04
2202,5,5,2202-05,1.0,0.2,2202-05
2202,6,4,2202-06,1.0,0.25,2202-06
2202,7,4,0,0.0,0.0,2202-07
2202,8,5,0,0.0,0.0,2202-08
2202,9,8,0,0.0,0.0,2202-09
2202,10,4,0,0.0,0.0,2202-10
2202,11,5,0,0.0,0.0,2202-11
2202,12,4,2202-12,1.0,0.25,2202-12
2203,1,2,0,0.0,0.0,2203-01
2203,2,5,0,0.0,0.0,2203-02
2203,3,3,2203-03,1.0,0.3333333333333333,2203-03
2203,4,3,0,0.0,0.0,2203-04
2203,5,4,2203-05,1.0,0.25,2203-05
2203,6,8,0,0.0,0.0,2203-06
2203,7,7,2203-07,1.0,0.14285714285714285,2203-07
2203,8,5,2203-08,2.0,0.4,2203-08
2203,9,3,0,0.0,0.0,2203-09
2203,10,9,0,0.0,0.0,2203-10
2203,11,6,2203-11,1.0,0.16666666666666666,2203-11
2203,12,2,0,0.0,0.0,2203-12
2204,1,9,0,0.0,0.0,2204-01
2204,2,4,2204-02,2.0,0.5,2204-02
2204,3,5,0,0.0,0.0,2204-03
2204,4,5,2204-04,1.0,0.2,2204-04
2204,5,8,0,0.0,0.0,2204-05
2204,6,5,0,0.0,0.0,2204-06
2204,7,1,0,0.0,0.0,2204-07
2204,8,6,2204-08,2.0,0.3333333333333333,2204-08
2204,9,7,2204-09,2.0,0.2857142857142857,2204-09
2204,10,2,0,0.0,0.0,2204-10
2204,11,2,0,0.0,0.0,2204-11
2204,12,7,2204-12,2.0,0.2857142857142857,2204-12
2205,1,4,0,0.0,0.0,2205-01
2205,2,1,0,0.0,0.0,2205-02
2205,3,1,2205-03,1.0,1.0,2205-03
2205,5,6,0,0.0,0.0,2205-05
2205,6,3,0,0.0,0.0,2205-06
2205,8,5,0,0.0,0.0,2205-08
2205,9,2,0,0.0,0.0,2205-09
2205,10,3,2205-10,1.0,0.3333333333333333,2205-10
2205,11,1,0,0.0,0.0,2205-11
2205,12,3,0,0.0,0.0,2205-12
2206,1,3,0,0.0,0.0,2206-01
2206,2,3,0,0.0,0.0,2206-02
2206,3,2,0,0.0,0.0,2206-03
2206,4,2,0,0.0,0.0,2206-04
2206,5,4,0,0.0,0.0,2206-05
2206,6,5,2206-06,1.0,0.2,2206-06
2206,7,3,0,0.0,0.0,2206-07
2206,8,2,0,0.0,0.0,2206-08
2206,10,1,2206-10,1.0,1.0,2206-10
2206,12,1,0,0.0,0.0,2206-12
2207,1,1,0,0.0,0.0,2207-01
2207,2,1,0,0.0,0.0,2207-02
2207,3,2,0,0.0,0.0,2207-03
2207,4,1,0,0.0,0.0,2207-04
2207,5,1,2207-05,1.0,1.0,2207-05
2207,6,1,0,0.0,0.0,2207-06
2207,8,1,0,0.0,0.0,2207-08
2207,12,1,0,0.0,0.0,2207-12
2208,1,1,0,0.0,0.0,2208-01
2208,2,1,2208-02,1.0,1.0,2208-02
2208,4,2,0,0.0,0.0,2208-04
2208,5,2,0,0.0,0.0,2208-05
2208,6,1,0,0.0,0.0,2208-06
2208,8,1,0,0.0,0.0,2208-08
2209,2,1,0,0.0,0.0,2209-02
2209,7,2,0,0.0,0.0,2209-07
2209,8,1,0,0.0,0.0,2209-08
2210,8,1,0,0.0,0.0,2210-08
